{
  "hash": "f05acd02",
  "configHash": "c78689b1",
  "lockfileHash": "48b3480e",
  "browserHash": "0f79c907",
  "optimized": {
    "@angular/core": {
      "src": "../../../../../../node_modules/@angular/core/fesm2022/core.mjs",
      "file": "@angular_core.js",
      "fileHash": "992e9282",
      "needsInterop": false
    },
    "@angular/platform-browser": {
      "src": "../../../../../../node_modules/@angular/platform-browser/fesm2022/platform-browser.mjs",
      "file": "@angular_platform-browser.js",
      "fileHash": "6d5715e9",
      "needsInterop": false
    },
    "@angular/router": {
      "src": "../../../../../../node_modules/@angular/router/fesm2022/router.mjs",
      "file": "@angular_router.js",
      "fileHash": "1a02822b",
      "needsInterop": false
    },
    "@angular/common": {
      "src": "../../../../../../node_modules/@angular/common/fesm2022/common.mjs",
      "file": "@angular_common.js",
      "fileHash": "8d913a04",
      "needsInterop": false
    },
    "@angular/forms": {
      "src": "../../../../../../node_modules/@angular/forms/fesm2022/forms.mjs",
      "file": "@angular_forms.js",
      "fileHash": "3777bf99",
      "needsInterop": false
    }
  },
  "chunks": {
    "chunk-2D655GKT": {
      "file": "chunk-2D655GKT.js"
    },
    "chunk-ZJKLAVTL": {
      "file": "chunk-ZJKLAVTL.js"
    },
    "chunk-ADJQCICN": {
      "file": "chunk-ADJQCICN.js"
    }
  }
}